algo_name,done,graph,init_bots,init_locations,parameters,priority_nodes,random_string,sim_length,use_sim_time,avg_idle,priority_avg_idle,non_priority_avg_idle,max_idle,priority_max_idle,non_priority_max_idle,avg_ratio
latency_walks,False,iitb,1,5366445083,2,5882320075 cluster_-172_5366445082 5366445083 -222,latency_walks_2_107,20000,True,685.2799824184249,427.6687706229377,736.8022247775223,2741.0,2086.0,2741.0,2.3290799662102164
latency_walks,False,cair,2,cluster_1563324004_1563324334 1563324324,2,cluster_1563324004_1563324334 1563324327 1563324343 1563324348 1563324324 1563324349,latency_walks_2_3,20000,True,132.26721177568845,71.97814562912582,162.4117448489698,627.0,215.0,627.0,2.3393451529086304
latency_walks,False,cair,4,1563324357 cluster_1563324010_1563324356 1563324324 1563324327,2,1563324357 1563324324 1563324327 cluster_1563324010_1563324356,latency_walks_2_14,20000,True,72.61828536463508,51.56850906886273,78.63250716342719,351.0,190.0,351.0,1.8338067274150505
latency_walks,False,grid_5_5,4,5 13 18 1,2,5 1 18 13,latency_walks_2_42,20000,True,111.861906,63.8773375,121.0018238095238,790.0,195.0,790.0,2.187495912485193
latency_walks,False,grid_5_5,4,24 22 8 3,2,24 3 22 8,latency_walks_2_40,20000,True,119.95753538384596,62.3444736184046,130.9314519105967,702.0,195.0,702.0,2.442598499478318
latency_walks,False,iitb,1,668685374,2,2055461156 668685374 3215340464 -266,latency_walks_2_96,20000,True,510.3237452414346,546.2342591664997,503.14164245642155,2395.0,1797.0,2395.0,1.0098505864073783
